rank,title,titles0,link,score,score_cnt,account,comment
1,肖申克的救赎,/The Shawshank Redemption,https://movie.douban.com/subject/1292052/,9.7,3003467人评价,导演:弗兰克·德拉邦特FrankDarabont主演:蒂姆·罗宾斯TimRobbins/...1994/美国/犯罪剧情,希望让人自由。
2,霸王别姬,/再见，我的妾  /  Farewell My Concubine,https://movie.douban.com/subject/1291546/,9.6,2219196人评价,导演:陈凯歌KaigeChen主演:张国荣LeslieCheung/张丰毅FengyiZha...1993/中国大陆中国香港/剧情爱情同性,风华绝代。
3,阿甘正传,/Forrest Gump,https://movie.douban.com/subject/1292720/,9.5,2237843人评价,导演:罗伯特·泽米吉斯RobertZemeckis主演:汤姆·汉克斯TomHanks/...1994/美国/剧情爱情,一部美国近现代史。
4,泰坦尼克号,/Titanic,https://movie.douban.com/subject/1292722/,9.5,2275843人评价,导演:詹姆斯·卡梅隆JamesCameron主演:莱昂纳多·迪卡普里奥Leonardo...1997/美国墨西哥/剧情爱情灾难,失去的才是永恒的。 
5,千与千寻,/千と千尋の神隠し,https://movie.douban.com/subject/1291561/,9.4,2321401人评价,导演:宫崎骏HayaoMiyazaki主演:柊瑠美RumiHîragi/入野自由Miy...2001/日本/剧情动画奇幻,最好的宫崎骏，最好的久石让。 
6,这个杀手不太冷,/Léon,https://movie.douban.com/subject/1295644/,9.4,2367836人评价,导演:吕克·贝松LucBesson主演:让·雷诺JeanReno/娜塔莉·波特曼...1994/法国美国/剧情动作犯罪,怪蜀黍和小萝莉不得不说的故事。
7,美丽人生,/La vita è bella,https://movie.douban.com/subject/1292063/,9.5,1370345人评价,导演:罗伯托·贝尼尼RobertoBenigni主演:罗伯托·贝尼尼RobertoBeni...1997/意大利/剧情喜剧爱情战争,最美的谎言。
8,星际穿越,/Interstellar,https://movie.douban.com/subject/1889243/,9.4,1937181人评价,导演:克里斯托弗·诺兰ChristopherNolan主演:马修·麦康纳MatthewMc...2014/美国英国加拿大/剧情科幻冒险,爱是一种力量，让我们超越时空感知它的存在。
9,盗梦空间,/Inception,https://movie.douban.com/subject/3541415/,9.4,2141444人评价,导演:克里斯托弗·诺兰ChristopherNolan主演:莱昂纳多·迪卡普里奥Le...2010/美国英国/剧情科幻悬疑冒险,诺兰给了我们一场无法盗取的梦。
10,辛德勒的名单,/Schindler's List,https://movie.douban.com/subject/1295124/,9.5,1157902人评价,导演:史蒂文·斯皮尔伯格StevenSpielberg主演:连姆·尼森LiamNeeson...1993/美国/剧情历史战争,拯救一个人，就是拯救整个世界。
11,楚门的世界,/The Truman Show,https://movie.douban.com/subject/1292064/,9.4,1793959人评价,导演:彼得·威尔PeterWeir主演:金·凯瑞JimCarrey/劳拉·琳妮Lau...1998/美国/剧情科幻,如果再也不能见到你，祝你早安，午安，晚安。
12,忠犬八公的故事,/Hachi: A Dog's Tale,https://movie.douban.com/subject/3011091/,9.4,1438554人评价,导演:莱塞·霍尔斯道姆LasseHallström主演:理查·基尔RichardGer...2009/美国英国/剧情,永远都不能忘记你所爱的人。
13,海上钢琴师,/La leggenda del pianista sull'oceano,https://movie.douban.com/subject/1292001/,9.3,1732162人评价,导演:朱塞佩·托纳多雷GiuseppeTornatore主演:蒂姆·罗斯TimRoth/...1998/意大利/剧情音乐,每个人都要走一条自己坚定了的路，就算是粉身碎骨。 
14,三傻大闹宝莱坞,/3 Idiots,https://movie.douban.com/subject/3793023/,9.2,1920714人评价,导演:拉库马·希拉尼RajkumarHirani主演:阿米尔·汗AamirKhan/卡...2009/印度/剧情喜剧爱情歌舞,英俊版憨豆，高情商版谢耳朵。
15,放牛班的春天,/Les choristes,https://movie.douban.com/subject/1291549/,9.3,1359284人评价,导演:克里斯托夫·巴拉蒂ChristopheBarratier主演:让-巴蒂斯特·莫尼...2004/法国瑞士德国/剧情音乐,天籁一般的童声，是最接近上帝的存在。 
16,机器人总动员,/WALL·E,https://movie.douban.com/subject/2131459/,9.3,1363301人评价,导演:安德鲁·斯坦顿AndrewStanton主演:本·贝尔特BenBurtt/艾丽...2008/美国/科幻动画冒险,小瓦力，大人生。
17,疯狂动物城,/Zootopia,https://movie.douban.com/subject/25662329/,9.2,2029289人评价,导演:拜伦·霍华德ByronHoward/瑞奇·摩尔RichMoore主演:金妮弗·...2016/美国/喜剧动画冒险,迪士尼给我们营造的乌托邦就是这样，永远善良勇敢，永远出乎意料。
18,无间道,/無間道,https://movie.douban.com/subject/1307914/,9.3,1422496人评价,导演:刘伟强/麦兆辉主演:刘德华AndyLau/梁朝伟TonyLeungChiuW...2002/中国香港/剧情犯罪惊悚,香港电影史上永不过时的杰作。
19,控方证人,/Witness for the Prosecution,https://movie.douban.com/subject/1296141/,9.6,604016人评价,导演:比利·怀尔德BillyWilder主演:泰隆·鲍华TyronePower/玛琳·...1957/美国/剧情犯罪悬疑,比利·怀德满分作品。
20,大话西游之大圣娶亲,/西遊記大結局之仙履奇緣,https://movie.douban.com/subject/1292213/,9.2,1583931人评价,导演:刘镇伟JeffreyLau主演:周星驰StephenChow/吴孟达ManTatNg...1995/中国香港中国大陆/喜剧爱情奇幻古装,一生所爱。
21,熔炉,/도가니,https://movie.douban.com/subject/5912992/,9.4,963120人评价,导演:黄东赫Dong-hyukHwang主演:孔侑YooGong/郑有美Yu-miJung/...2011/韩国/剧情,我们一路奋战不是为了改变世界，而是为了不让世界改变我们。
22,教父,/The Godfather,https://movie.douban.com/subject/1291841/,9.3,1006795人评价,导演:弗朗西斯·福特·科波拉FrancisFordCoppola主演:马龙·白兰度M...1972/美国/剧情犯罪,千万不要记恨你的对手，这样会让你失去理智。
23,触不可及,/Intouchables,https://movie.douban.com/subject/6786002/,9.3,1167763人评价,导演:奥利维·那卡什OlivierNakache/艾力克·托兰达EricToledano主...2011/法国/剧情喜剧,满满温情的高雅喜剧。
24,当幸福来敲门,/The Pursuit of Happyness,https://movie.douban.com/subject/1849031/,9.2,1569232人评价,导演:加布里尔·穆奇诺GabrieleMuccino主演:威尔·史密斯WillSmith...2006/美国/剧情传记家庭,平民励志片。 
25,寻梦环游记,/Coco,https://movie.douban.com/subject/20495023/,9.1,1761699人评价,导演:李·昂克里奇LeeUnkrich/阿德里安·莫利纳AdrianMolina主演:...2017/美国/喜剧动画奇幻音乐,死亡不是真的逝去，遗忘才是永恒的消亡。
26,末代皇帝,/The Last Emperor,https://movie.douban.com/subject/1293172/,9.3,927312人评价,导演:贝纳尔多·贝托鲁奇BernardoBertolucci主演:尊龙JohnLone/陈...1987/英国意大利中国大陆法国/剧情传记历史,“不要跟我比惨，我比你更惨”再适合这部电影不过了。
27,龙猫,/となりのトトロ,https://movie.douban.com/subject/1291560/,9.2,1307920人评价,导演:宫崎骏HayaoMiyazaki主演:日高法子NorikoHidaka/坂本千夏Ch...1988/日本/动画奇幻冒险,人人心中都有个龙猫，童年就永远不会消失。
28,怦然心动,/Flipped,https://movie.douban.com/subject/3319755/,9.1,1895613人评价,导演:罗伯·莱纳RobReiner主演:玛德琳·卡罗尔MadelineCarroll/卡...2010/美国/剧情喜剧爱情,真正的幸福是来自内心深处。
29,活着,/人生  /  Lifetimes,https://movie.douban.com/subject/1292365/,9.3,883292人评价,导演:张艺谋YimouZhang主演:葛优YouGe/巩俐LiGong/姜武WuJiang1994/中国大陆中国香港/剧情历史家庭,张艺谋最好的电影。
30,哈利·波特与魔法石,/Harry Potter and the Sorcerer's Stone,https://movie.douban.com/subject/1295038/,9.2,1250431人评价,导演:ChrisColumbus主演:DanielRadcliffe/EmmaWatson/RupertGrint2001/美国英国/奇幻冒险,童话世界的开端。
31,蝙蝠侠：黑暗骑士,/The Dark Knight,https://movie.douban.com/subject/1851857/,9.2,1101520人评价,导演:克里斯托弗·诺兰ChristopherNolan主演:克里斯蒂安·贝尔Christ...2008/美国英国/剧情动作科幻犯罪惊悚,无尽的黑暗。
32,指环王3：王者无敌,/The Lord of the Rings: The Return of the King,https://movie.douban.com/subject/1291552/,9.3,834935人评价,导演:彼得·杰克逊PeterJackson主演:伊利亚·伍德ElijahWood/西恩...2003/美国新西兰/剧情动作奇幻冒险,史诗的终章。
33,我不是药神,/中国药神  /  印度药神,https://movie.douban.com/subject/26752088/,9.0,2178891人评价,导演:文牧野MuyeWen主演:徐峥ZhengXu/王传君ChuanjunWang/周...2018/中国大陆/剧情喜剧,对我们国家而言，这样的电影多一部是一部。
34,乱世佳人,/Gone with the Wind,https://movie.douban.com/subject/1300267/,9.3,717870人评价,导演:维克多·弗莱明VictorFleming/乔治·库克GeorgeCukor主演:费...1939/美国/剧情历史爱情战争,Tomorrow is another day.
35,飞屋环游记,/Up,https://movie.douban.com/subject/2129039/,9.1,1376456人评价,导演:彼特·道格特PeteDocter/鲍勃·彼德森BobPeterson主演:爱德...2009/美国/剧情喜剧动画冒险,最后那些最无聊的事情，才是最值得怀念的。 
36,素媛,/소원,https://movie.douban.com/subject/21937452/,9.3,713699人评价,导演:李濬益Jun-ikLee主演:薛景求Kyung-guSol/严志媛Ji-wonUhm...2013/韩国/剧情,受过伤害的人总是笑得最开心，因为他们不愿意让身边的人承受一样的痛苦。
37,十二怒汉,/12 Angry Men,https://movie.douban.com/subject/1293182/,9.4,515538人评价,导演:SidneyLumet主演:亨利·方达HenryFonda/马丁·鲍尔萨姆Marti...1957/美国/剧情,1957年的理想主义。 
38,哈尔的移动城堡,/ハウルの動く城,https://movie.douban.com/subject/1308807/,9.1,1070053人评价,导演:宫崎骏HayaoMiyazaki主演:倍赏千惠子ChiekoBaishô/木村拓...2004/日本/爱情动画奇幻冒险,带着心爱的人在天空飞翔。
39,让子弹飞,/让子弹飞一会儿  /  火烧云,https://movie.douban.com/subject/3742360/,9.0,1763697人评价,导演:姜文WenJiang主演:姜文WenJiang/葛优YouGe/周润发Yun-F...2010/中国大陆中国香港/剧情喜剧动作西部,你给我翻译翻译，神马叫做TMD的惊喜。
40,何以为家,/كفرناحوم,https://movie.douban.com/subject/30170448/,9.1,1081769人评价,导演:娜丁·拉巴基NadineLabaki主演:扎因·拉费阿Zainal-Rafeea/...2018/黎巴嫩美国法国塞浦路斯卡塔尔英国/剧情,凝视卑弱生命，用电影改变命运。
41,摔跤吧！爸爸,/Dangal,https://movie.douban.com/subject/26387939/,9.0,1620125人评价,导演:涅提·蒂瓦里NiteshTiwari主演:阿米尔·汗AamirKhan/法缇玛...2016/印度/剧情传记运动家庭,你不是在为你一个人战斗，你要让千千万万的女性看到女生并不是只能相夫教子。
42,猫鼠游戏,/Catch Me If You Can,https://movie.douban.com/subject/1305487/,9.1,1078919人评价,导演:史蒂文·斯皮尔伯格StevenSpielberg主演:莱昂纳多·迪卡普里奥L...2002/美国加拿大/传记犯罪剧情,骗子大师和执著警探的你追我跑故事。 
43,天空之城,/天空の城ラピュタ,https://movie.douban.com/subject/1291583/,9.2,914494人评价,导演:宫崎骏HayaoMiyazaki主演:田中真弓MayumiTanaka/横泽启子Ke...1986/日本/动画奇幻冒险,对天空的追逐，永不停止。 
44,鬼子来了,/Devils on the Doorstep,https://movie.douban.com/subject/1291858/,9.3,651803人评价,导演:姜文WenJiang主演:姜文WenJiang/香川照之TeruyukiKagawa/...2000/中国大陆/剧情喜剧,对敌人的仁慈，就是对自己残忍。
45,海蒂和爷爷,/Heidi,https://movie.douban.com/subject/25958717/,9.3,661417人评价,导演:阿兰·葛斯彭纳AlainGsponer主演:阿努克·斯特芬AnukSteffen/...2015/德国瑞士/剧情冒险家庭,如果生活中有什么使你感到快乐，那就去做吧！不要管别人说什么。
46,少年派的奇幻漂流,/Life of Pi,https://movie.douban.com/subject/1929463/,9.1,1391308人评价,导演:李安AngLee主演:苏拉·沙玛SurajSharma/伊尔凡·可汗Irrfan...2012/美国中国台湾英国加拿大/剧情奇幻冒险,瑰丽壮观、无人能及的冒险之旅。
47,钢琴家,/The Pianist,https://movie.douban.com/subject/1296736/,9.3,672560人评价,导演:罗曼·波兰斯基RomanPolanski主演:艾德里安·布洛迪AdrienBrod...2002/英国法国波兰德国/剧情传记战争音乐,音乐能化解仇恨。
48,大话西游之月光宝盒,/西遊記第壹佰零壹回之月光寶盒,https://movie.douban.com/subject/1299398/,9.0,1261741人评价,导演:刘镇伟JeffreyLau主演:周星驰StephenChow/吴孟达ManTatNg...1995/中国香港中国大陆/喜剧爱情奇幻古装,旷古烁今。
49,指环王2：双塔奇兵,/The Lord of the Rings: The Two Towers,https://movie.douban.com/subject/1291572/,9.2,783792人评价,导演:彼得·杰克逊PeterJackson主演:伊利亚·伍德ElijahWood/西恩...2002/美国新西兰/剧情动作奇幻冒险,承前启后的史诗篇章。
50,闻香识女人,/Scent of a Woman,https://movie.douban.com/subject/1298624/,9.1,926162人评价,导演:马丁·布莱斯MartinBrest主演:阿尔·帕西诺AlPacino/克里斯...1992/美国/剧情,史上最美的探戈。
51,死亡诗社,/Dead Poets Society,https://movie.douban.com/subject/1291548/,9.2,765342人评价,导演:彼得·威尔PeterWeir主演:罗宾·威廉姆斯RobinWilliams/罗伯...1989/美国/剧情,当一个死水般的体制内出现一个活跃的变数时，所有的腐臭都站在了光明的对面。
52,绿皮书,/Green Book,https://movie.douban.com/subject/27060077/,8.9,1718924人评价,导演:彼得·法雷里PeterFarrelly主演:维果·莫腾森ViggoMortensen/...2018/美国中国大陆/剧情喜剧传记音乐,去除成见，需要勇气。
53,罗马假日,/Roman Holiday,https://movie.douban.com/subject/1293839/,9.1,978922人评价,导演:威廉·惠勒WilliamWyler主演:奥黛丽·赫本AudreyHepburn/格...1953/美国/喜剧剧情爱情,爱情哪怕只有一天。
54,大闹天宫,/大闹天宫 上下集  /  The Monkey King,https://movie.douban.com/subject/1418019/,9.4,458664人评价,导演:万籁鸣LaimingWan主演:邱岳峰YuefengQiu/富润生RunshengFu...1961(中国大陆)/1964(中国大陆)/1978(中国大陆)/中国大陆/剧情动画奇幻古装,经典之作，历久弥新。
55,天堂电影院,/Nuovo Cinema Paradiso,https://movie.douban.com/subject/1291828/,9.2,697335人评价,导演:朱塞佩·托纳多雷GiuseppeTornatore主演:菲利普·努瓦雷Philipp...1988/意大利法国/剧情爱情,那些吻戏，那些青春，都在影院的黑暗里被泪水冲刷得无比清晰。
56,指环王1：护戒使者,/The Lord of the Rings: The Fellowship of the Ring,https://movie.douban.com/subject/1291571/,9.1,880070人评价,导演:彼得·杰克逊PeterJackson主演:伊利亚·伍德ElijahWood/西恩...2001/新西兰美国/剧情动作奇幻冒险,传说的开始。
57,黑客帝国,/The Matrix,https://movie.douban.com/subject/1291843/,9.1,868136人评价,导演:安迪·沃卓斯基AndyWachowski/拉娜·沃卓斯基LanaWachowski主...1999/美国/动作科幻,视觉革命。
58,教父2,/The Godfather: Part II,https://movie.douban.com/subject/1299131/,9.3,576876人评价,导演:弗朗西斯·福特·科波拉FrancisFordCoppola主演:阿尔·帕西诺A...1974/美国/剧情犯罪,优雅的孤独。
59,狮子王,/The Lion King,https://movie.douban.com/subject/1301753/,9.1,879057人评价,导演:RogerAllers/罗伯·明可夫RobMinkoff主演:乔纳森·泰勒·托马...1994/美国/动画冒险歌舞,动物版《哈姆雷特》。
60,辩护人,/변호인,https://movie.douban.com/subject/21937445/,9.2,610679人评价,导演:杨宇硕Woo-seokYang主演:宋康昊Kang-hoSong/金英爱Yeong-ae...2013/韩国/剧情,电影的现实意义大过电影本身。
61,饮食男女,/飲食男女,https://movie.douban.com/subject/1291818/,9.2,648111人评价,导演:李安AngLee主演:郎雄SihungLung/杨贵媚Kuei-MeiYang/吴...1994/中国台湾美国/剧情家庭,人生不能像做菜，把所有的料都准备好了才下锅。
62,搏击俱乐部,/Fight Club,https://movie.douban.com/subject/1292000/,9.0,879328人评价,导演:大卫·芬奇DavidFincher主演:爱德华·诺顿EdwardNorton/布拉...1999/美国/剧情动作悬疑惊悚,邪恶与平庸蛰伏于同一个母体，在特定的时间互相对峙。
63,本杰明·巴顿奇事,/The Curious Case of Benjamin Button,https://movie.douban.com/subject/1485260/,9.0,1019802人评价,导演:大卫·芬奇DavidFincher主演:凯特·布兰切特CateBlanchett/...2008/美国/剧情爱情奇幻,在时间之河里感受溺水之苦。
64,美丽心灵,/A Beautiful Mind,https://movie.douban.com/subject/1306029/,9.1,795381人评价,导演:朗·霍华德RonHoward主演:罗素·克劳RussellCrowe/艾德·哈...2001/美国/传记剧情,爱是一切逻辑和原由。
65,穿条纹睡衣的男孩,/The Boy in the Striped Pajamas,https://movie.douban.com/subject/3008247/,9.2,589578人评价,导演:马克·赫尔曼MarkHerman主演:阿萨·巴特菲尔德AsaButterfield...2008/英国美国/剧情战争,尽管有些不切实际的幻想，这部电影依旧是一部感人肺腑的佳作。
66,窃听风暴,/Das Leben der Anderen,https://movie.douban.com/subject/1900841/,9.2,584757人评价,导演:弗洛里安·亨克尔·冯·多纳斯马尔克FlorianHenckelvonDonnersmarck&n...2006/德国/剧情悬疑,别样人生。
67,情书,/Love Letter,https://movie.douban.com/subject/1292220/,8.9,1165377人评价,导演:岩井俊二ShunjiIwai主演:中山美穗MihoNakayama/丰川悦司Ets...1995/日本/剧情爱情,暗恋的极致。
68,两杆大烟枪,"/Lock, Stock and Two Smoking Barrels",https://movie.douban.com/subject/1293350/,9.1,617509人评价,导演:盖·里奇GuyRitchie主演:杰森·弗莱明JasonFlemyng/德克斯特...1998/英国/剧情喜剧犯罪,4个臭皮匠顶个诸葛亮，盖·里奇果然不是盖的。
69,西西里的美丽传说,/Malèna,https://movie.douban.com/subject/1292402/,8.9,1010815人评价,导演:朱塞佩·托纳多雷GiuseppeTornatore主演:莫妮卡·贝鲁奇Monica...2000/意大利美国/剧情战争情色,美丽无罪。
70,音乐之声,/The Sound of Music,https://movie.douban.com/subject/1294408/,9.1,626378人评价,导演:罗伯特·怀斯RobertWise主演:朱莉·安德鲁斯JulieAndrews/克...1965/美国/剧情传记爱情歌舞,用音乐化解仇恨，让歌声串起美好。
71,看不见的客人,/Contratiempo,https://movie.douban.com/subject/26580232/,8.8,1323047人评价,导演:奥里奥尔·保罗OriolPaulo主演:马里奥·卡萨斯MarioCasas/阿...2016/西班牙/剧情犯罪悬疑惊悚,你以为你以为的就是你以为的。
72,哈利·波特与死亡圣器(下),/Harry Potter and the Deathly Hallows: Part 2,https://movie.douban.com/subject/3011235/,9.0,868955人评价,导演:大卫·叶茨DavidYates主演:丹尼尔·雷德克里夫DanielRadcliffe...2011/美国英国/奇幻冒险,10年的完美句点。
73,阿凡达,/Avatar,https://movie.douban.com/subject/1652587/,8.8,1468832人评价,导演:詹姆斯·卡梅隆JamesCameron主演:萨姆·沃辛顿SamWorthington...2009/美国/动作科幻冒险,绝对意义上的美轮美奂。
74,拯救大兵瑞恩,/Saving Private Ryan,https://movie.douban.com/subject/1292849/,9.1,670257人评价,导演:史蒂文·斯皮尔伯格StevenSpielberg主演:汤姆·汉克斯TomHanks...1998/美国/剧情战争,美利坚精神输出大片No1.
75,飞越疯人院,/One Flew Over the Cuckoo's Nest,https://movie.douban.com/subject/1292224/,9.1,564557人评价,导演:米洛斯·福尔曼MilošForman主演:杰克·尼科尔森JackNichols...1975/美国/剧情,自由万岁。
76,小鞋子,/بچه های آسمان,https://movie.douban.com/subject/1303021/,9.2,426019人评价,导演:马基德·马基迪MajidMajidi主演:默罕默德·阿米尔·纳吉Mohamma...1997/伊朗/剧情儿童家庭,奔跑的孩子是天使。
77,沉默的羔羊,/The Silence of the Lambs,https://movie.douban.com/subject/1293544/,8.9,926895人评价,导演:乔纳森·戴米JonathanDemme主演:朱迪·福斯特JodieFoster/安...1991/美国/剧情犯罪惊悚,安东尼·霍普金斯的顶级表演。
78,功夫,/功夫3D  /  Kung Fu Hustle,https://movie.douban.com/subject/1291543/,8.8,1192707人评价,导演:周星驰StephenChow主演:周星驰StephenChow/元秋QiuYuen/...2004/中国大陆中国香港/动作喜剧犯罪奇幻,警恶惩奸，维护世界和平这个任务就交给你了，好吗？
79,布达佩斯大饭店,/The Grand Budapest Hotel,https://movie.douban.com/subject/11525673/,8.9,983842人评价,导演:韦斯·安德森WesAnderson主演:拉尔夫·费因斯RalphFiennes/...2014/美国德国英国/剧情喜剧冒险,小清新的故事里注入了大历史的情怀。
80,禁闭岛,/Shutter Island,https://movie.douban.com/subject/2334904/,8.9,1018089人评价,导演:MartinScorsese主演:莱昂纳多·迪卡普里奥LeonardoDiCaprio/...2010/美国/剧情悬疑惊悚,昔日翩翩少年，今日大腹便便。
81,蝴蝶效应,/The Butterfly Effect,https://movie.douban.com/subject/1292343/,8.9,974384人评价,导演:埃里克·布雷斯EricBress/J·麦基·格鲁伯J.MackyeGruber主...2004/美国加拿大/剧情悬疑科幻惊悚,人的命运被自己瞬间的抉择改变。
82,哈利·波特与阿兹卡班的囚徒,/Harry Potter and the Prisoner of Azkaban,https://movie.douban.com/subject/1291544/,9.0,771735人评价,导演:AlfonsoCuarón主演:丹尼尔·雷德克里夫DanielRadcliffe/Emma...2004/英国美国/奇幻冒险,不一样的导演，不一样的哈利·波特。
83,致命魔术,/The Prestige,https://movie.douban.com/subject/1780330/,8.9,892153人评价,导演:克里斯托弗·诺兰ChristopherNolan主演:休·杰克曼HughJackman...2006/英国美国/剧情悬疑惊悚,孪生蝙蝠侠大战克隆金刚狼。
84,心灵捕手,/Good Will Hunting,https://movie.douban.com/subject/1292656/,8.9,745484人评价,导演:格斯·范·桑特GusVanSant主演:马特·达蒙MattDamon/罗宾·...1997/美国/剧情,人生中应该拥有这样的一段豁然开朗。
85,超脱,/Detachment,https://movie.douban.com/subject/5322596/,9.0,638387人评价,导演:托尼·凯耶TonyKaye主演:艾德里安·布洛迪AdrienBrody/马西...2011/美国/剧情,穷尽一生，我们要学会的，不过是彼此拥抱。
86,低俗小说,/Pulp Fiction,https://movie.douban.com/subject/1291832/,8.9,867985人评价,导演:昆汀·塔伦蒂诺QuentinTarantino主演:约翰·特拉沃尔塔JohnTra...1994/美国/剧情喜剧犯罪,故事的高级讲法。
87,摩登时代,/Modern Times,https://movie.douban.com/subject/1294371/,9.3,314779人评价,导演:查理·卓别林CharlesChaplin主演:查理·卓别林CharlesChaplin...1936/美国/剧情喜剧爱情,大时代中的人生，小人物的悲喜。
88,海豚湾,/The Cove,https://movie.douban.com/subject/3442220/,9.3,365012人评价,导演:路易·西霍尤斯LouiePsihoyos主演:路易·西霍尤斯LouiePsihoyo...2009/美国/纪录片,海豚的微笑，是世界上最高明的伪装。
89,春光乍泄,/春光乍洩,https://movie.douban.com/subject/1292679/,9.0,656052人评价,导演:王家卫KarWaiWong主演:张国荣LeslieCheung/梁朝伟TonyLeu...1997/中国香港日本韩国/剧情爱情同性,爱情纠缠，男女一致。
90,喜剧之王,/喜劇之王,https://movie.douban.com/subject/1302425/,8.8,1005290人评价,导演:周星驰StephenChow/李力持Lik-ChiLee主演:周星驰StephenCh...1999/中国香港/喜剧剧情爱情,我是一个演员。
91,美国往事,/Once Upon a Time in America,https://movie.douban.com/subject/1292262/,9.2,427515人评价,导演:赛尔乔·莱翁内SergioLeone主演:罗伯特·德尼罗RobertDeNiro...1984/美国意大利/犯罪剧情,往事如烟，无处祭奠。
92,致命ID,/Identity,https://movie.douban.com/subject/1297192/,8.9,861009人评价,导演:詹姆斯·曼高德JamesMangold主演:约翰·库萨克JohnCusack/雷...2003/美国/剧情悬疑惊悚,最不可能的那个人永远是最可能的。
93,杀人回忆,/살인의 추억,https://movie.douban.com/subject/1300299/,8.9,750793人评价,导演:奉俊昊Joon-hoBong主演:宋康昊Kang-hoSong/金相庆Sang-kyun...2003/韩国/剧情动作犯罪悬疑惊悚,关于连环杀人悬案的集体回忆。
94,哈利·波特与密室,/Harry Potter and the Chamber of Secrets,https://movie.douban.com/subject/1296996/,8.9,798936人评价,导演:ChrisColumbus主演:丹尼尔·雷德克里夫DanielRadcliffe/艾玛...2002/英国美国/奇幻冒险,魔法的密室之门已打开...
95,红辣椒,/パプリカ,https://movie.douban.com/subject/1865703/,9.1,493242人评价,导演:今敏SatoshiKon主演:林原惠美MegumiHayashibara/江守彻Toru...2006/日本/动画悬疑科幻惊悚,梦的勾结。
96,加勒比海盗,/Pirates of the Caribbean: The Curse of the Black Pearl,https://movie.douban.com/subject/1298070/,8.8,892230人评价,导演:戈尔·维宾斯基GoreVerbinski主演:约翰尼·德普JohnnyDepp/...2003/美国/动作冒险奇幻,约翰尼·德普的独角戏。
97,七宗罪,/Se7en,https://movie.douban.com/subject/1292223/,8.8,972973人评价,导演:大卫·芬奇DavidFincher主演:摩根·弗里曼MorganFreeman/布...1995/美国/剧情犯罪悬疑惊悚,警察抓小偷，老鼠玩死猫。
98,一一,/Yi yi  /  Yi yi: A One and a Two,https://movie.douban.com/subject/1292434/,9.1,420389人评价,导演:杨德昌EdwardYang主演:吴念真/李凯莉KellyLee/金燕玲Elai...2000/中国台湾日本/剧情爱情家庭,我们都曾经是一一。
99,狩猎,/Jagten,https://movie.douban.com/subject/6985810/,9.1,412444人评价,导演:托马斯·温特伯格ThomasVinterberg主演:麦斯·米科尔森MadsMik...2012/丹麦瑞典/剧情,人言可畏。
100,唐伯虎点秋香,/唐伯虎點秋香,https://movie.douban.com/subject/1306249/,8.7,1122625人评价,导演:李力持Lik-ChiLee主演:周星驰StephenChow/巩俐LiGong/陈...1993/中国香港/喜剧爱情古装,华太师是黄霑，吴镇宇四大才子之一。
101,7号房的礼物,/7번방의 선물,https://movie.douban.com/subject/10777687/,8.9,577175人评价,导演:李焕庆Hwan-kyeongLee主演:柳承龙Seung-yongRyoo/朴信惠Shi...2013/韩国/剧情喜剧家庭,《我是山姆》的《美丽人生》。
102,被嫌弃的松子的一生,/嫌われ松子の一生,https://movie.douban.com/subject/1787291/,8.9,725383人评价,导演:中岛哲也TetsuyaNakashima主演:中谷美纪MikiNakatani/瑛太E...2006/日本/剧情歌舞,以戏谑来戏谑戏谑。
103,蝙蝠侠：黑暗骑士崛起,/The Dark Knight Rises,https://movie.douban.com/subject/3395373/,8.9,750633人评价,导演:克里斯托弗·诺兰ChristopherNolan主演:克里斯蒂安·贝尔Christ...2012/美国英国/剧情动作科幻犯罪惊悚,诺兰就是保证。
104,爱在黎明破晓前,/Before Sunrise,https://movie.douban.com/subject/1296339/,8.8,715512人评价,导演:理查德·林克莱特RichardLinklater主演:伊桑·霍克EthanHawke...1995/美国奥地利瑞士/剧情爱情,缘分是个连绵词，最美不过一瞬。
105,请以你的名字呼唤我,/Call Me by Your Name,https://movie.douban.com/subject/26799731/,8.8,752416人评价,导演:卢卡·瓜达尼诺LucaGuadagnino主演:艾米·汉莫ArmieHammer/...2017/意大利法国巴西美国/剧情爱情同性,沉醉在电影的情感和视听氛围中无法自拔。
106,甜蜜蜜,/Comrades: Almost a Love Story,https://movie.douban.com/subject/1305164/,8.9,590285人评价,导演:陈可辛PeterChan主演:黎明LeonLai/张曼玉MaggieCheung/...1996/中国香港/剧情爱情,相逢只要一瞬间，等待却像是一辈子。
107,断背山,/Brokeback Mountain,https://movie.douban.com/subject/1418834/,8.8,728115人评价,导演:李安AngLee主演:希斯·莱杰HeathLedger/杰克·吉伦哈尔Jake...2005/美国加拿大/剧情爱情同性家庭,每个人心中都有一座断背山。
108,剪刀手爱德华,/Edward Scissorhands,https://movie.douban.com/subject/1292370/,8.7,1063094人评价,导演:蒂姆·波顿TimBurton主演:约翰尼·德普JohnnyDepp/薇诺娜·...1990/美国/剧情奇幻爱情,浪漫忧郁的成人童话。
109,入殓师,/おくりびと,https://movie.douban.com/subject/2149806/,8.9,692079人评价,导演:泷田洋二郎YôjirôTakita主演:本木雅弘MasahiroMotoki/...2008/日本/剧情,死可能是一道门，逝去并不是终结，而是超越，走向下一程。
110,第六感,/The Sixth Sense,https://movie.douban.com/subject/1297630/,8.9,578246人评价,导演:M·奈特·沙马兰M.NightShyamalan主演:布鲁斯·威利斯BruceWi...1999/美国/剧情悬疑惊悚,深入内心的恐怖，出人意料的结局。
111,重庆森林,/重慶森林,https://movie.douban.com/subject/1291999/,8.8,844404人评价,导演:王家卫KarWaiWong主演:林青霞BrigitteLin/金城武TakeshiK...1994/中国香港/剧情爱情,寂寞没有期限。
112,超能陆战队,/Big Hero 6,https://movie.douban.com/subject/11026735/,8.7,1055341人评价,导演:唐·霍尔DonHall/克里斯·威廉姆斯ChrisWilliams主演:斯科特...2014/美国/喜剧动作科幻动画冒险,Balalala~~~
113,勇敢的心,/Braveheart,https://movie.douban.com/subject/1294639/,8.9,572095人评价,导演:梅尔·吉布森MelGibson主演:梅尔·吉布森MelGibson/苏菲·玛...1995/美国/动作传记剧情历史战争,史诗大片的典范。
114,爱在日落黄昏时,/Before Sunset,https://movie.douban.com/subject/1291990/,8.9,587587人评价,导演:理查德·林克莱特RichardLinklater主演:伊桑·霍克EthanHawke...2004/美国法国/剧情爱情,九年后的重逢是世俗和责任的交叠，没了悸动和青涩，沧桑而温暖。
115,幽灵公主,/もののけ姫,https://movie.douban.com/subject/1297359/,8.9,543086人评价,导演:宫崎骏HayaoMiyazaki主演:松田洋治YôjiMatsuda/石田百合...1997/日本/动画奇幻冒险,人与自然的战争史诗。
116,寄生虫,/기생충,https://movie.douban.com/subject/27010768/,8.8,1424364人评价,导演:奉俊昊Joon-hoBong主演:宋康昊Kang-hoSong/李善均Seon-gyun...2019/韩国/剧情, 
117,菊次郎的夏天,/菊次郎の夏,https://movie.douban.com/subject/1293359/,8.9,617930人评价,导演:北野武TakeshiKitano主演:北野武TakeshiKitano/关口雄介Yus...1999/日本/剧情喜剧,从没见过那么流氓的温柔，从没见过那么温柔的流氓。
118,借东西的小人阿莉埃蒂,/借りぐらしのアリエッティ,https://movie.douban.com/subject/4202302/,8.9,575338人评价,导演:米林宏昌HiromasaYonebayashi主演:志田未来MiraiShida/神木...2010/日本/动画奇幻冒险,曾经的那段美好会沉淀为一辈子的记忆。
119,消失的爱人,/Gone Girl,https://movie.douban.com/subject/21318488/,8.7,993026人评价,导演:大卫·芬奇DavidFincher主演:本·阿弗莱克BenAffleck/罗莎蒙...2014/美国/剧情犯罪悬疑惊悚,年度最佳date movie。
120,无人知晓,/誰も知らない,https://movie.douban.com/subject/1292337/,9.1,336044人评价,导演:是枝裕和HirokazuKoreeda主演:柳乐优弥YûyaYagira/北浦爱...2004/日本/剧情,我的平常生活就是他人的幸福。
121,阳光灿烂的日子,/In the Heat of the Sun,https://movie.douban.com/subject/1291875/,8.8,635344人评价,导演:姜文WenJiang主演:夏雨YuXia/宁静JingNing/陶虹HongTao1994/中国大陆中国香港/剧情爱情,一场华丽的意淫。
122,完美的世界,/A Perfect World,https://movie.douban.com/subject/1300992/,9.1,328333人评价,导演:克林特·伊斯特伍德ClintEastwood主演:凯文·科斯特纳KevinCos...1993/美国/剧情犯罪,坏人的好总是比好人的好来得更感人。
123,倩女幽魂,/倩女幽魂(87版)  /  倩女幽魂：妖魔道,https://movie.douban.com/subject/1297447/,8.8,762476人评价,导演:程小东Siu-TungChing主演:张国荣LeslieCheung/王祖贤JoeyW...1987/中国香港/爱情奇幻武侠古装,两张绝世的脸。 
124,时空恋旅人,/About Time,https://movie.douban.com/subject/10577869/,8.8,708168人评价,导演:理查德·柯蒂斯RichardCurtis主演:多姆纳尔·格里森DomhnallGl...2013/英国/喜剧爱情奇幻,把每天当作最后一天般珍惜度过，积极拥抱生活，就是幸福。
125,天使爱美丽,/Le Fabuleux destin d'Amélie Poulain,https://movie.douban.com/subject/1292215/,8.7,973843人评价,导演:让-皮埃尔·热内Jean-PierreJeunet主演:奥黛丽·塔图AudreyTau...2001/法国德国/剧情喜剧爱情,法式小清新。 
126,小森林 夏秋篇,/リトル・フォレスト 夏・秋,https://movie.douban.com/subject/25814705/,9.0,439007人评价,导演:森淳一JunichiMori主演:桥本爱AiHashimoto/三浦贵大Takahir...2014/日本/剧情,那些静得只能听见呼吸的日子里，你明白孤独即生活。
127,未麻的部屋,/Perfect Blue,https://movie.douban.com/subject/1395091/,9.1,359991人评价,导演:今敏SatoshiKon主演:岩男润子JunkoIwao/松本梨香RicaMatsu...1997/日本/动画奇幻惊悚,好的剧本是，就算你猜到了结局也猜不到全部。
128,哈利·波特与火焰杯,/Harry Potter and the Goblet of Fire,https://movie.douban.com/subject/1309055/,8.8,697512人评价,导演:迈克·内威尔MikeNewell主演:丹尼尔·雷德克里夫DanielRadclif...2005/英国美国/悬疑奇幻冒险, 
129,侧耳倾听,/耳をすませば,https://movie.douban.com/subject/1297052/,8.9,480435人评价,导演:近藤喜文YoshifumiKondo主演:本名阳子YoukoHonna/小林桂树K...1995/日本/剧情爱情动画,少女情怀总是诗。
130,驯龙高手,/How to Train Your Dragon,https://movie.douban.com/subject/2353023/,8.8,785052人评价,导演:迪恩·德布洛斯DeanDeBlois/克里斯·桑德斯ChrisSanders主演:...2010/美国/动画奇幻冒险,和谐的生活离不开摸头与被摸头。
131,幸福终点站,/The Terminal,https://movie.douban.com/subject/1292274/,8.8,593316人评价,导演:史蒂文·斯皮尔伯格StevenSpielberg主演:汤姆·汉克斯TomHanks...2004/美国/喜剧剧情爱情,有时候幸福需要等一等。 
132,一个叫欧维的男人决定去死,/En man som heter Ove,https://movie.douban.com/subject/26628357/,8.9,507868人评价,导演:汉内斯·赫尔姆HannesHolm主演:罗夫·拉斯加德RolfLassgård...2015/瑞典/剧情,惠及一生的美丽。
133,怪兽电力公司,"/Monsters, Inc.",https://movie.douban.com/subject/1291579/,8.8,703174人评价,导演:彼特·道格特PeteDocter/大卫·斯沃曼DavidSilverman主演:约...2001/美国/儿童喜剧动画奇幻冒险,不要给它起名字，起了名字就有感情了。
134,教父3,/The Godfather: Part III,https://movie.douban.com/subject/1294240/,9.0,390990人评价,导演:弗朗西斯·福特·科波拉FrancisFordCoppola主演:阿尔·帕西诺A...1990/美国/剧情犯罪,任何信念的力量，都无法改变命运。
135,小森林 冬春篇,/リトル・フォレスト 冬・春,https://movie.douban.com/subject/25814707/,9.0,391563人评价,导演:森淳一JunichiMori主演:桥本爱AiHashimoto/三浦贵大Takahir...2015/日本/剧情,尊敬他人，尊敬你生活的这片土地，明白孤独是人生的常态。
136,新世界,/신세계,https://movie.douban.com/subject/10437779/,8.9,465220人评价,导演:朴勋政Hoon-jungPark主演:李政宰Jung-JaeLee/崔岷植Min-sik...2013/韩国/剧情犯罪,要做就做得狠一点，这样才能活下去。
137,玩具总动员3,/Toy Story 3,https://movie.douban.com/subject/1858711/,8.9,540825人评价,导演:李·昂克里奇LeeUnkrich主演:汤姆·汉克斯TomHanks/蒂姆·艾...2010/美国/喜剧动画奇幻冒险,跨度十五年的欢乐与泪水。
138,傲慢与偏见,/Pride & Prejudice,https://movie.douban.com/subject/1418200/,8.7,835764人评价,导演:乔·怀特JoeWright主演:凯拉·奈特莉KeiraKnightley/马修·...2005/法国英国美国/剧情爱情,爱是摈弃傲慢与偏见之后的曙光。
139,茶馆,/The Teahouse,https://movie.douban.com/subject/1461403/,9.6,163547人评价,导演:谢添TianXie主演:于是之ShizhiYu/郑榕RongZhen/蓝天野T...1982(中国大陆)/中国大陆/剧情历史, 
140,萤火之森,/蛍火の杜へ,https://movie.douban.com/subject/5989818/,8.9,560955人评价,导演:大森贵弘TakahiroOmori主演:佐仓绫音AyaneSakura/内山昂辉K...2011/日本/剧情爱情动画奇幻,触不到的恋人。
141,釜山行,/부산행,https://movie.douban.com/subject/25986180/,8.6,1244738人评价,导演:延尚昊Sang-hoYeon主演:孔侑YooGong/郑有美Yu-miJung/马...2016/韩国/动作惊悚灾难,揭露人性的丧尸题材力作。
142,被解救的姜戈,/Django Unchained,https://movie.douban.com/subject/6307447/,8.8,632627人评价,导演:昆汀·塔伦蒂诺QuentinTarantino主演:杰米·福克斯JamieFoxx/...2012/美国/剧情动作西部冒险,热血沸腾，那个低俗、性感的无耻混蛋又来了。
143,神偷奶爸,/Despicable Me,https://movie.douban.com/subject/3287562/,8.7,976420人评价,导演:皮艾尔·柯芬PierreCoffin/克里斯·雷纳德ChrisRenaud主演:...2010/美国法国/喜剧动画冒险,Mr. I Don't Care其实也有Care的时候。
144,色，戒,/色|戒  /  色·戒,https://movie.douban.com/subject/1828115/,8.7,856321人评价,导演:李安AngLee主演:梁朝伟TonyLeungChiuWai/汤唯WeiTang/...2007/中国台湾中国大陆美国中国香港/剧情爱情情色,假戏真情，爱欲深海
145,告白,/自白  /  母亲,https://movie.douban.com/subject/4268598/,8.8,691596人评价,导演:中岛哲也TetsuyaNakashima主演:松隆子TakakoMatsu/冈田将生...2010/日本/剧情悬疑,没有一人完全善，也没有一人完全恶。
146,哪吒闹海,/Prince Nezha's Triumph Against Dragon King  /  Nezha Conquers the Dragon King,https://movie.douban.com/subject/1307315/,9.2,270786人评价,导演:王树忱ShuchenWang/严定宪DingxianYan主演:梁正晖Zhenghui...1979/中国大陆/冒险动画奇幻,想你时你在闹海。
147,九品芝麻官,/九品芝麻官之白面包青天  /  Hail the Judge,https://movie.douban.com/subject/1297518/,8.7,714562人评价,导演:王晶JingWong主演:周星驰StephenChow/吴孟达ManTatNg/...1994/中国香港中国大陆/剧情喜剧古装, 
148,玛丽和马克思,/Mary and Max,https://movie.douban.com/subject/3072124/,9.0,431026人评价,导演:亚当·艾略特AdamElliot主演:托妮·科莱特ToniCollette/菲利...2009/澳大利亚美国/剧情喜剧动画,你是我最好的朋友，你是我唯一的朋友 。
149,喜宴,/囍宴,https://movie.douban.com/subject/1303037/,9.0,382203人评价,导演:李安AngLee主演:赵文瑄WinstonChao/归亚蕾Ya-leiKuei/郎...1993/中国台湾美国/剧情喜剧爱情同性家庭,中国家庭的喜怒哀乐忍。
150,大鱼,/Big Fish,https://movie.douban.com/subject/1291545/,8.8,586429人评价,导演:蒂姆·波顿TimBurton主演:伊万·麦克格雷格EwanMcGregor/阿...2003/美国/剧情家庭奇幻冒险,抱着梦想而活着的人是幸福的，怀抱梦想而死去的人是不朽的。
151,模仿游戏,/The Imitation Game,https://movie.douban.com/subject/10463953/,8.8,670983人评价,导演:莫滕·泰杜姆MortenTyldum主演:本尼迪克特·康伯巴奇BenedictC...2014/英国美国/剧情传记战争同性,他给机器起名“克里斯托弗”，因为这是他初恋的名字。
152,头号玩家,/Ready Player One,https://movie.douban.com/subject/4920389/,8.6,1411925人评价,导演:史蒂文·斯皮尔伯格StevenSpielberg主演:泰伊·谢里丹TyeSheri...2018/美国/动作科幻冒险,写给影迷，动漫迷和游戏迷的一封情书。
153,花样年华,/花樣年華,https://movie.douban.com/subject/1291557/,8.8,639493人评价,导演:王家卫KarWaiWong主演:梁朝伟TonyLeungChiuWai/张曼玉Ma...2000/中国香港/剧情爱情,偷情本没有这样美。
154,头脑特工队,/Inside Out,https://movie.douban.com/subject/10533913/,8.8,646250人评价,导演:彼特·道格特PeteDocter/罗纳尔多·德尔·卡门RonaldoDelCarmen&nb...2015/美国/喜剧动画冒险,愿我们都不用长大，每一座城堡都能永远存在。
155,射雕英雄传之东成西就,/射鵰英雄傳之東成西就,https://movie.douban.com/subject/1316510/,8.7,662621人评价,导演:刘镇伟JeffreyLau主演:梁朝伟TonyLeungChiuWai/林青霞Bri...1993/中国香港/喜剧奇幻武侠古装,百看不厌。 
156,我是山姆,/I Am Sam,https://movie.douban.com/subject/1306861/,9.0,349880人评价,导演:杰茜·尼尔森JessieNelson主演:SeanPenn/DakotaFanning/Mi...2001/美国/剧情家庭,爱并不需要智商 。
157,七武士,/七人の侍,https://movie.douban.com/subject/1295399/,9.3,206902人评价,导演:黑泽明AkiraKurosawa主演:三船敏郎ToshirôMifune/志村乔...1954/日本/动作冒险剧情,时代悲歌。
158,阳光姐妹淘,/써니,https://movie.douban.com/subject/4917726/,8.8,603905人评价,导演:姜炯哲Hyeong-CheolKang主演:沈恩京Eun-kyungShim/闵孝琳Hy...2011/韩国/剧情喜剧,再多各自牛逼的时光，也比不上一起傻逼的岁月。 
159,血战钢锯岭,/Hacksaw Ridge,https://movie.douban.com/subject/26325320/,8.7,805249人评价,导演:梅尔·吉布森MelGibson主演:安德鲁·加菲尔德AndrewGarfield/...2016/澳大利亚美国/剧情传记历史战争,优秀的战争片不会美化战场，不会粉饰死亡，不会矮化敌人，不会无视常识，最重要的，不会宣扬战争。
160,惊魂记,/Psycho,https://movie.douban.com/subject/1293181/,9.0,312511人评价,导演:阿尔弗雷德·希区柯克AlfredHitchcock主演:安东尼·博金斯Antho...1960/美国/悬疑惊悚恐怖,故事的反转与反转，分裂电影的始祖。
161,恐怖直播,/더 테러 라이브,https://movie.douban.com/subject/21360417/,8.7,676013人评价,导演:金秉祐Byeong-wooKim主演:河正宇Jung-wooHa/李璟荣Kyeong-y...2013/韩国/剧情犯罪悬疑,恐怖分子的“秋菊打官司”。
162,黑客帝国3：矩阵革命,/The Matrix Revolutions,https://movie.douban.com/subject/1302467/,8.8,461900人评价,导演:拉娜·沃卓斯基LanaWachowski/莉莉·沃卓斯基LillyWachowski...2003/美国/动作科幻,不得不说，《黑客帝国》系列是商业片与科幻、哲学完美结合的典范。
163,你的名字。,/君の名は。,https://movie.douban.com/subject/26683290/,8.5,1457000人评价,导演:新海诚MakotoShinkai主演:神木隆之介RyûnosukeKamiki/上...2016/日本/剧情爱情动画,穿越错位的时空，仰望陨落的星辰，你没留下你的名字，我却无法忘记那句“我爱你”。
164,三块广告牌,"/Three Billboards Outside Ebbing, Missouri",https://movie.douban.com/subject/26611804/,8.7,850813人评价,导演:马丁·麦克唐纳MartinMcDonagh主演:弗兰西斯·麦克多蒙德France...2017/英国美国/剧情犯罪,怼天怼地，你走后，她与世界为敌。
165,电锯惊魂,/Saw,https://movie.douban.com/subject/1417598/,8.7,557829人评价,导演:詹姆斯·温JamesWan主演:雷·沃纳尔LeighWhannell/加利·艾...2004/美国/悬疑惊悚恐怖,真相就在眼前。
166,达拉斯买家俱乐部,/Dallas Buyers Club,https://movie.douban.com/subject/1793929/,8.8,468728人评价,导演:让-马克·瓦雷Jean-MarcVallée主演:马修·麦康纳MatthewMcCon...2013/美国/剧情传记同性,Jared Leto的腿比女人还美！
167,心迷宫,/殡棺  /  The Coffin in the Mountain,https://movie.douban.com/subject/25917973/,8.7,549277人评价,导演:忻钰坤YukunXin主演:霍卫民WeiminHuo/王笑天XiaotianWang...2014/中国大陆/剧情犯罪悬疑,荒诞讽刺，千奇百巧，抽丝剥茧，百转千回。
168,疯狂原始人,/The Croods,https://movie.douban.com/subject/1907966/,8.7,864483人评价,导演:科克·德·米科KirkDeMicco/克里斯·桑德斯ChrisSanders主演...2013/美国/喜剧动画冒险,老少皆宜，这就是好莱坞动画的魅力。
169,谍影重重3,/The Bourne Ultimatum,https://movie.douban.com/subject/1578507/,8.8,433400人评价,导演:保罗·格林格拉斯PaulGreengrass主演:马特·达蒙MattDamon/...2007/美国德国法国英国/动作悬疑惊悚,像吃了苏打饼一样干脆的电影。
170,英雄本色,/A Better Tomorrow  /  Gangland Boss,https://movie.douban.com/subject/1297574/,8.6,560968人评价,导演:吴宇森JohnWoo主演:周润发Yun-FatChow/狄龙LungTi/张国...1986/中国香港/剧情动作犯罪,英雄泪短，兄弟情长。 
171,上帝之城,/Cidade de Deus,https://movie.douban.com/subject/1292208/,9.0,309805人评价,导演:费尔南多·梅里尔斯FernandoMeirelles/卡迪亚·兰德KátiaLund&nbsp...2002/巴西法国/犯罪剧情,被上帝抛弃了的上帝之城。
172,小丑,/Joker,https://movie.douban.com/subject/27119724/,8.7,1044082人评价,导演:托德·菲利普斯ToddPhillips主演:杰昆·菲尼克斯JoaquinPhoeni...2019/美国加拿大/剧情犯罪惊悚, 
173,绿里奇迹,/The Green Mile,https://movie.douban.com/subject/1300374/,8.9,348069人评价,导演:弗兰克·德拉邦特FrankDarabont主演:汤姆·汉克斯TomHanks/...1999/美国/犯罪剧情奇幻悬疑,天使暂时离开。
174,风之谷,/風の谷のナウシカ,https://movie.douban.com/subject/1291585/,8.9,365420人评价,导演:宫崎骏HayaoMiyazaki主演:岛本须美SumiShimamoto/松田洋治Y...1984/日本/动画奇幻冒险,动画片的圣经。
175,爱在午夜降临前,/Before Midnight,https://movie.douban.com/subject/10808442/,8.9,422739人评价,导演:理查德·林克莱特RichardLinklater主演:伊桑·霍克EthanHawke...2013/美国希腊/剧情爱情,所谓爱情，就是话唠一路，都不会心生腻烦，彼此嫌弃。
176,海街日记,/海街diary,https://movie.douban.com/subject/25895901/,8.8,468490人评价,导演:是枝裕和HirokazuKoreeda主演:绫濑遥HarukaAyase/长泽雅美M...2015/日本/剧情家庭,是枝裕和的家庭习作。
177,纵横四海,/緃横四海,https://movie.douban.com/subject/1295409/,8.8,441032人评价,导演:吴宇森JohnWoo主演:周润发Yun-FatChow/张国荣LeslieCheung...1991/中国香港/剧情喜剧动作犯罪,香港浪漫主义警匪动作片的巅峰之作。
178,卢旺达饭店,/Hotel Rwanda,https://movie.douban.com/subject/1291822/,8.9,341466人评价,导演:特瑞·乔治TerryGeorge主演:唐·钱德尔DonCheadle/苏菲·奥...2004/英国南非意大利美国/剧情传记历史战争,当这个世界闭上双眼，他却敞开了怀抱。
179,心灵奇旅,/Soul,https://movie.douban.com/subject/24733428/,8.7,1028286人评价,导演:彼特·道格特PeteDocter/凯普·鲍尔斯KempPowers主演:杰米·...2020/美国/动画奇幻音乐, 
180,背靠背，脸对脸,"/背对背，脸对脸  /  Back to Back, Face to Face",https://movie.douban.com/subject/1307856/,9.5,145702人评价,导演:黄建新JianxinHuang/杨亚洲YazhouYang主演:牛振华ZhenhuaN...1994/中国大陆中国香港/剧情, 
181,疯狂的石头,/Crazy Stone,https://movie.douban.com/subject/1862151/,8.6,855667人评价,导演:宁浩HaoNing主演:郭涛TaoGuo/刘桦HuaLiu/连晋TeddyLin2006/中国大陆中国香港/喜剧犯罪,中国版《两杆大烟枪》。
182,记忆碎片,/Memento,https://movie.douban.com/subject/1304447/,8.7,624032人评价,导演:克里斯托弗·诺兰ChristopherNolan主演:盖·皮尔斯GuyPearce/...2000/美国/犯罪剧情悬疑惊悚,一个针管引发的血案。
183,雨中曲,/Singin' in the Rain,https://movie.douban.com/subject/1293460/,9.1,237819人评价,导演:斯坦利·多南StanleyDonen/吉恩·凯利GeneKelly主演:吉恩·...1952/美国/喜剧歌舞爱情,骨灰级歌舞片。
184,2001太空漫游,/2001: A Space Odyssey,https://movie.douban.com/subject/1292226/,8.9,348740人评价,导演:斯坦利·库布里克StanleyKubrick主演:凯尔·杜拉KeirDullea/...1968/英国美国/科幻惊悚冒险,现代科幻电影的开山之作，最伟大导演的最伟大影片。
185,无间道2,/無間道II,https://movie.douban.com/subject/1307106/,8.7,504316人评价,导演:刘伟强/麦兆辉主演:陈冠希EdisonChen/余文乐ShawnYue/曾...2003/中国香港/剧情犯罪惊悚, 
186,岁月神偷,/歲月神偷,https://movie.douban.com/subject/3792799/,8.7,586173人评价,导演:罗启锐AlexLaw主演:吴君如SandraNg/任达华SimonYam/钟绍...2010/中国香港中国大陆/剧情家庭,岁月流逝，来日可追。
187,小偷家族,/万引き家族,https://movie.douban.com/subject/27622447/,8.7,839277人评价,导演:是枝裕和HirokazuKoreeda主演:中川雅也LilyFranky/安藤樱Sa...2018/日本/剧情犯罪家庭,我们组成了家。
188,忠犬八公物语,/ハチ公物語,https://movie.douban.com/subject/1959195/,9.2,202781人评价,导演:神山征二郎SeijirôKôyama主演:仲代达矢TatsuyaNakadai/...1987/日本/剧情,养狗三日，便会对你终其一生。
189,无敌破坏王,/Wreck-It Ralph,https://movie.douban.com/subject/6534248/,8.7,563533人评价,导演:瑞奇·莫尔RichMoore主演:约翰·C·赖利JohnC.Reilly/萨拉...2012/美国/喜剧动画奇幻冒险,迪士尼和皮克斯拿错剧本的产物。
190,荒蛮故事,/Relatos salvajes,https://movie.douban.com/subject/24750126/,8.8,458817人评价,导演:达米安·斯兹弗隆DamiánSzifron主演:达里奥·葛兰帝内提Darío...2014/阿根廷西班牙/剧情喜剧犯罪,始于荒诞，止于更荒诞。
191,冰川时代,/Ice Age,https://movie.douban.com/subject/1291578/,8.6,638318人评价,导演:卡洛斯·沙尔丹哈CarlosSaldanha/克里斯·韦奇ChrisWedge主演...2002/美国/喜剧动画冒险,松鼠才是角儿。
192,爆裂鼓手,/Whiplash,https://movie.douban.com/subject/25773932/,8.7,612379人评价,导演:达米恩·查泽雷DamienChazelle主演:迈尔斯·特勒MilesTeller/...2014/美国/剧情音乐,这个世界从不善待努力的人，努力了也不一定会成功，但是知道自己在努力，就是活下去的动力。
193,恐怖游轮,/Triangle,https://movie.douban.com/subject/3011051/,8.5,901945人评价,导演:克里斯托弗·史密斯ChristopherSmith主演:梅利莎·乔治Melissa...2009/英国澳大利亚/剧情悬疑惊悚,不要企图在重复中寻找已经失去的爱。
194,牯岭街少年杀人事件,/牯嶺街少年殺人事件,https://movie.douban.com/subject/1292329/,8.9,318807人评价,导演:杨德昌EdwardYang主演:张震ChenChang/杨静怡LisaYang/张...1991/中国台湾/剧情犯罪,弱者送给弱者的一刀。
195,东京教父,/東京ゴッドファーザーズ,https://movie.douban.com/subject/1310177/,9.0,247809人评价,导演:今敏SatoshiKon主演:江守彻ToruEmori/梅垣义明YoshiakiUme...2003/日本/剧情喜剧动画, 
196,贫民窟的百万富翁,/Slumdog Millionaire,https://movie.douban.com/subject/2209573/,8.6,764956人评价,导演:丹尼·鲍尔DannyBoyle/洛芙琳·坦丹LoveleenTandan主演:戴夫...2008/英国/剧情爱情,上帝之城+猜火车+阿甘正传+开心辞典=山寨富翁
197,大佛普拉斯,/The Great Buddha+,https://movie.douban.com/subject/27059130/,8.7,489110人评价,导演:黄信尧Hsin-yaoHuang主演:庄益增YizengZhuang/陈竹昇Chu-sh...2017/中国台湾/剧情喜剧,人们可以登上月球，却永远无法探索人们内心的宇宙。
198,魔女宅急便,/魔女の宅急便,https://movie.douban.com/subject/1307811/,8.7,477295人评价,导演:宫崎骏HayaoMiyazaki主演:高山南MinamiTakayama/佐久间玲Re...1989/日本/动画奇幻冒险,宫崎骏的电影总让人感觉世界是美好的，阳光明媚的。
199,遗愿清单,/The Bucket List,https://movie.douban.com/subject/1867345/,8.7,484251人评价,导演:罗伯·莱纳RobReiner主演:杰克·尼科尔森JackNicholson/摩根...2007/美国/冒险喜剧剧情,用剩余不多的时间，去燃烧整个生命。
200,东邪西毒,/東邪西毒,https://movie.douban.com/subject/1292328/,8.6,594077人评价,导演:王家卫KarWaiWong主演:张国荣LeslieCheung/林青霞Brigitte...1994/中国香港中国台湾/剧情动作爱情武侠古装,电影诗。
201,你看起来好像很好吃,/おまえうまそうだな,https://movie.douban.com/subject/4848115/,8.9,345129人评价,导演:藤森雅也MasayaFujimori主演:山口胜平KappeiYamaguchi/爱河...2010/日本/剧情动画儿童,感情不分食草或者食肉。
202,可可西里,/Kekexili: Mountain Patrol,https://movie.douban.com/subject/1308857/,8.9,314847人评价,导演:陆川ChuanLu主演:多布杰Duobujie/张磊LeiZhang/亓亮QiL...2004/中国大陆中国香港/剧情犯罪,坚硬的信仰。
203,黑天鹅,/Black Swan,https://movie.douban.com/subject/1978709/,8.6,800834人评价,导演:达伦·阿罗诺夫斯基DarrenAronofsky主演:娜塔莉·波特曼Natalie...2010/美国/剧情惊悚,黑暗之美。
204,城市之光,/City Lights,https://movie.douban.com/subject/1293908/,9.3,154335人评价,导演:CharlesChaplin主演:查理·卓别林CharlesChaplin/弗吉尼亚·...1931/美国/喜剧剧情爱情,永远的小人物，伟大的卓别林。
205,源代码,/Source Code,https://movie.douban.com/subject/3075287/,8.5,861238人评价,导演:邓肯·琼斯DuncanJones主演:杰克·吉伦哈尔JakeGyllenhaal/...2011/美国加拿大/科幻悬疑惊悚,邓肯·琼斯继《月球》之后再度奉献出一部精彩绝伦的科幻佳作。
206,末路狂花,/Thelma & Louise,https://movie.douban.com/subject/1291992/,8.9,279777人评价,导演:雷德利·斯科特RidleyScott主演:吉娜·戴维斯GeenaDavis/苏...1991/美国英国法国/犯罪剧情惊悚,没有了退路，只好飞向自由。
207,真爱至上,/Love Actually,https://movie.douban.com/subject/1292401/,8.5,758803人评价,导演:理查德·柯蒂斯RichardCurtis主演:休·格兰特HughGrant/连姆...2003/英国美国法国/喜剧剧情爱情,爱，是个动词。
208,海边的曼彻斯特,/Manchester by the Sea,https://movie.douban.com/subject/25980443/,8.6,575676人评价,导演:肯尼斯·罗纳根KennethLonergan主演:卡西·阿弗莱克CaseyAffle...2016/美国/剧情家庭,我们都有权利不与自己的过去和解。
209,波西米亚狂想曲,/Bohemian Rhapsody,https://movie.douban.com/subject/5300054/,8.6,630389人评价,导演:布莱恩·辛格BryanSinger主演:拉米·马雷克RamiMalek/本·哈...2018/英国美国/剧情传记同性音乐, 
210,雨人,/Rain Man,https://movie.douban.com/subject/1291870/,8.7,415672人评价,导演:巴瑞·莱文森BarryLevinson主演:达斯汀·霍夫曼DustinHoffman...1988/美国/剧情,生活在自己的世界里，也可以让周围的人显得可笑和渺小。
211,青蛇,/Green Snake,https://movie.douban.com/subject/1303394/,8.6,546057人评价,导演:徐克HarkTsui主演:张曼玉MaggieCheung/王祖贤JoeyWang/...1993/中国香港中国大陆/剧情爱情奇幻古装,人生如此，浮生如斯。谁人言，花彼岸，此生情长意短。谁都是不懂爱的罢了。
212,初恋这件小事,/สิ่งเล็กเล็กที่เรียกว่า...รัก,https://movie.douban.com/subject/4739952/,8.5,1001194人评价,导演:普特鹏·普罗萨卡·那·萨克那卡林PuttipongPromsakaNaSakolnakorn/华森·波克彭...2010/泰国/剧情喜剧爱情,黑小鸭速效美白记。
213,爱乐之城,/La La Land,https://movie.douban.com/subject/25934014/,8.4,983403人评价,导演:达米恩·查泽雷DamienChazelle主演:瑞恩·高斯林RyanGosling/...2016/美国/剧情爱情歌舞, 
214,人工智能,/A.I. Artificial Intelligence,https://movie.douban.com/subject/1302827/,8.7,462479人评价,导演:史蒂文·斯皮尔伯格StevenSpielberg主演:海利·乔·奥斯蒙Haley...2001/美国英国/剧情科幻,对爱的执着，可以超越一切。
215,恋恋笔记本,/The Notebook,https://movie.douban.com/subject/1309163/,8.5,695083人评价,导演:尼克·卡索维茨NickCassavetes主演:瑞恩·高斯林RyanGosling/...2004/美国/剧情爱情,爱情没有那么多借口，如果不能圆满，只能说明爱的不够。 
216,终结者2：审判日,/Terminator 2: Judgment Day,https://movie.douban.com/subject/1291844/,8.8,353594人评价,导演:詹姆斯·卡梅隆JamesCameron主演:阿诺·施瓦辛格ArnoldSchwarz...1991/美国法国/动作科幻,少见的超越首部的续集，动作片中的经典。
217,疯狂的麦克斯4：狂暴之路,/Mad Max: Fury Road,https://movie.douban.com/subject/3592854/,8.7,550779人评价,导演:乔治·米勒GeorgeMiller主演:汤姆·哈迪TomHardy/查理兹·塞...2015/澳大利亚美国/动作科幻冒险,“多么美好的一天！”轰轰轰砰咚，啪哒哒哒轰隆隆，磅~
218,虎口脱险,/La grande vadrouille,https://movie.douban.com/subject/1296909/,8.9,268482人评价,导演:杰拉尔·乌里GérardOury主演:路易·德·菲耐斯LouisdeFunès...1966/法国英国/喜剧战争,永远看不腻的喜剧。
219,芙蓉镇,/Hibiscus Town,https://movie.douban.com/subject/1297880/,9.3,153272人评价,导演:谢晋JinXie主演:刘晓庆XiaoqingLiu/姜文WenJiang/郑在石...1987/中国大陆/剧情爱情, 
220,罗生门,/羅生門,https://movie.douban.com/subject/1291879/,8.8,327243人评价,导演:黑泽明AkiraKurosawa主演:三船敏郎ToshirôMifune/京町子...1950/日本/剧情犯罪悬疑,人生的N种可能性。
221,新龙门客栈,/新龍門客棧,https://movie.douban.com/subject/1292287/,8.7,462017人评价,导演:李惠民RaymondLee主演:张曼玉MaggieCheung/林青霞Brigitte...1992/中国香港中国大陆/动作爱情武侠古装,嬉笑怒骂，调风动月。
222,无耻混蛋,/Inglourious Basterds,https://movie.douban.com/subject/1438652/,8.7,499373人评价,导演:昆汀·塔伦蒂诺QuentinTarantino主演:布拉德·皮特BradPitt/...2009/德国美国/剧情犯罪,昆汀同学越来越变态了，比北野武还杜琪峰。
223,崖上的波妞,/崖の上のポニョ,https://movie.douban.com/subject/1959877/,8.6,519860人评价,导演:宫崎骏HayaoMiyazaki主演:奈良柚莉爱YuriaNara/土井洋辉Hir...2008/日本/动画奇幻冒险, 
224,千钧一发,/Gattaca,https://movie.douban.com/subject/1300117/,8.8,314241人评价,导演:安德鲁·尼科尔AndrewNiccol主演:伊桑·霍克EthanHawke/乌玛...1997/美国/剧情科幻惊悚,一部能引人思考的科幻励志片。
225,花束般的恋爱,/花束みたいな恋をした,https://movie.douban.com/subject/34874432/,8.6,679392人评价,导演:土井裕泰NobuhiroDoi主演:菅田将晖MasakiSuda/有村架纯Kasu...2021/日本/剧情爱情, 
226,彗星来的那一夜,/Coherence,https://movie.douban.com/subject/25807345/,8.6,610080人评价,导演:詹姆斯·沃德·布柯特JamesWardByrkit主演:艾米丽·芭尔多尼Em...2013/美国英国/科幻悬疑惊悚,小成本大魅力。
227,萤火虫之墓,/火垂るの墓,https://movie.douban.com/subject/1293318/,8.7,414192人评价,导演:高畑勋IsaoTakahata主演:辰己努/白石绫乃/志乃原良子1988/日本/动画剧情战争,幸福是生生不息，却难以触及的远。 
228,哈利·波特与死亡圣器(上),/Harry Potter and the Deathly Hallows: Part 1,https://movie.douban.com/subject/2051007/,8.5,607945人评价,导演:大卫·叶茨DavidYates主演:丹尼尔·雷德克里夫DanielRadcliffe...2010/英国美国/奇幻冒险,最忠于原著的一部。
229,奇迹男孩,/Wonder,https://movie.douban.com/subject/26787574/,8.6,566438人评价,导演:斯蒂芬·卓博斯基StephenChbosky主演:雅各布·特伦布莱JacobTr...2017/美国中国香港/剧情儿童家庭,世界不完美，爱会有奇迹。
230,黑客帝国2：重装上阵,/The Matrix Reloaded,https://movie.douban.com/subject/1304141/,8.7,420366人评价,导演:拉娜·沃卓斯基LanaWachowski/莉莉·沃卓斯基LillyWachowski...2003/美国/动作科幻,一个精彩的世界观正在缓缓建立。
231,二十二,/Twenty Two  /  22,https://movie.douban.com/subject/26430107/,8.7,298913人评价,导演:郭柯KeGuo主演:2015/中国大陆/纪录片,有一些东西不应该被遗忘。
232,白日梦想家,/The Secret Life of Walter Mitty,https://movie.douban.com/subject/2133323/,8.6,530493人评价,导演:本·斯蒂勒BenStiller主演:本·斯蒂勒BenStiller/克里斯汀·...2013/美国英国/剧情喜剧冒险, 
233,高山下的花环,/卫国军魂(港)  /  Wreaths at the Foot of the Mountain,https://movie.douban.com/subject/1422283/,9.5,104311人评价,导演:谢晋JinXie主演:吕晓禾XiaoheLü/唐国强GuoqiangTang/何...1984(中国大陆)/1985/中国大陆/剧情战争, 
234,火星救援,/The Martian,https://movie.douban.com/subject/25864085/,8.5,762180人评价,导演:雷德利·斯科特RidleyScott主演:马特·达蒙MattDamon/杰西卡...2015/英国美国匈牙利约旦/剧情科幻冒险, 
235,战争之王,/Lord of War,https://movie.douban.com/subject/1419936/,8.7,382335人评价,导演:安德鲁·尼科尔AndrewNiccol主演:尼古拉斯·凯奇NicolasCage/...2005/美国德国/剧情犯罪,做一颗让别人需要你的棋子。
236,血钻,/Blood Diamond,https://movie.douban.com/subject/1428175/,8.7,393166人评价,导演:爱德华·兹威克EdwardZwick主演:莱昂纳多·迪卡普里奥Leonardo...2006/美国德国英国/剧情惊悚冒险,每个美丽事物背后都是滴血的现实。
237,步履不停,/歩いても 歩いても,https://movie.douban.com/subject/2222996/,8.8,291237人评价,导演:是枝裕和HirokazuKoreeda主演:阿部宽HiroshiAbe/夏川结衣Yu...2008/日本/剧情家庭,日本的家庭电影已经是世界巅峰了，步履不停是巅峰中的佳作。
238,房间,/Room,https://movie.douban.com/subject/25724855/,8.8,377693人评价,导演:伦尼·阿伯拉罕森LennyAbrahamson主演:布丽·拉尔森BrieLarson...2015/爱尔兰加拿大英国美国/剧情家庭,被偷走的岁月，被伤害的生命，被禁锢的灵魂，终将被希望和善意救赎。
239,千年女优,/千年女優,https://movie.douban.com/subject/1307394/,8.8,282955人评价,导演:今敏SatoshiKon主演:庄司美代子MiyokoShôji/小山茉美Mam...2001/日本/动画剧情爱情,爱情是一场没有尽头的虚幻追逐。
240,魂断蓝桥,/Waterloo Bridge,https://movie.douban.com/subject/1293964/,8.8,288308人评价,导演:茂文·勒鲁瓦MervynLeRoy主演:费雯·丽VivienLeigh/罗伯特·...1940/美国/剧情爱情战争,中国式内在的美国电影。
241,哈利·波特与凤凰社,/Harry Potter and the Order of the Phoenix,https://movie.douban.com/subject/1457217/,8.5,603190人评价,导演:大卫·叶茨DavidYates主演:丹尼尔·雷德克里夫DanielRadcliffe...2007/英国美国/奇幻冒险, 
242,谍影重重2,/The Bourne Supremacy,https://movie.douban.com/subject/1308767/,8.7,366050人评价,导演:保罗·格林格拉斯PaulGreengrass主演:马特·达蒙MattDamon/...2004/美国德国/动作悬疑惊悚,谁说王家卫镜头很晃？
243,大红灯笼高高挂,/Raise The Red Lantern  /  Épouses et concubines,https://movie.douban.com/subject/1293323/,8.8,299966人评价,导演:张艺谋YimouZhang主演:巩俐LiGong/马精武JingwuMa/何赛...1991/中国大陆中国香港中国台湾/剧情, 
244,蜘蛛侠：平行宇宙,/Spider-Man: Into the Spider-Verse,https://movie.douban.com/subject/26374197/,8.6,696145人评价,导演:鲍勃·佩尔西凯蒂BobPersichetti/彼得·拉姆齐PeterRamsey主...2018/美国/动作科幻动画冒险, 
245,弱点,/The Blind Side,https://movie.douban.com/subject/3552028/,8.7,324709人评价,导演:约翰·李·汉考克JohnLeeHancock主演:桑德拉·布洛克SandraBu...2009/美国/剧情家庭传记运动,拍掉身上的悲伤，从今天开始重新踏上追梦之旅。
246,谍影重重,/The Bourne Identity,https://movie.douban.com/subject/1304102/,8.6,444560人评价,导演:道格·里曼DougLiman主演:马特·达蒙MattDamon/弗兰卡·波坦...2002/美国德国捷克/动作悬疑惊悚,哗啦啦啦啦，天在下雨，哗啦啦啦啦，云在哭泣……找自己。
247,阿飞正传,/阿飛正傳,https://movie.douban.com/subject/1305690/,8.5,529526人评价,导演:王家卫KarWaiWong主演:张国荣LeslieCheung/张曼玉MaggieC...1990/中国香港/犯罪剧情爱情,王家卫是一种风格，张国荣是一个代表。
248,朗读者,/The Reader,https://movie.douban.com/subject/2213597/,8.6,464311人评价,导演:史蒂芬·戴德利StephenDaldry主演:凯特·温丝莱特KateWinslet...2008/美国德国/剧情爱情,当爱情跨越年龄的界限，它似乎能变得更久远一点，成为一种责任，一种水到渠成的相濡以沫。 
249,再次出发之纽约遇见你,/Begin Again,https://movie.douban.com/subject/6874403/,8.6,440709人评价,导演:约翰·卡尼JohnCarney主演:凯拉·奈特莉KeiraKnightley/马克...2013/美国/喜剧爱情音乐,爱我就给我看你的播放列表。
250,燃情岁月,/Legends of the Fall,https://movie.douban.com/subject/1295865/,8.7,296378人评价,导演:爱德华·兹威克EdwardZwick主演:布拉德·皮特BradPitt/安东...1994/美国/剧情爱情战争西部,传奇，不是每个人都可以拥有。
